Label, F1,F2, F3, F4, F5, F6, F7, F8, F9, F10, F11, F12, F13
a,-0.780868809,-0.624695048,78.10249676,0.876058051,42,0,1,198.936891,2.480549485,11.12411336,13.89076201,1.42578125,625
a,-0.554700196,-0.832050294,89.10667764,0.76952648,34.17601498,0.351123442,0.936329178,213.9865482,3.605240263,12.77929414,14.01960507,0.89453125,890
a,-0.832050294,-0.554700196,102.4158191,0.944871533,81.32035416,0.28283202,0.959169458,214.09694,10.21017612,15.10253015,12.15086123,4.124444444,922
a,-1,0,79.0253124,0.668812158,42.95346319,0.209529089,0.977802414,191.6844325,2.35619449,10.19970502,11.83586026,0.791111111,735
a,-0.447213595,-0.894427191,120.9173271,0.79124605,88.10221337,0.442667653,0.896685758,326.7029652,10.99557429,17.61957969,16.80564579,2.1015625,969
a,-0.980580676,-0.196116135,106.8877916,0.739073713,70.34202158,0.25589256,0.966705228,274.077224,2.35619449,10.81162161,12.50886537,2.55078125,703
a,-0.948683298,-0.316227766,114.9782588,0.871603737,80.00624976,0.012499024,0.999921884,292.3785505,2.677945045,9.79873897,11.92938255,1.284444444,875
a,-0.6401844,-0.76822128,97.08243919,0.968508981,51.03920062,0.039185567,0.999231951,256.9353571,2.718738727,10.33362038,12.2998487,1.75390625,703
a,-0.832050294,-0.554700196,83.60023923,0.641108769,44.91102315,0.200396236,0.979714932,214.8480893,2.35619449,13.35321121,14.60791502,0.8515625,875
a,0,-1,85.79627032,0.859641615,46.38965402,0.129339184,0.991600411,212.5710967,4.71238898,14.44184196,15.87061058,0.897777778,859
a,-0.857492926,-0.514495755,113.1724348,0.76040337,48.27007354,0.227884467,0.973688179,283.1716855,2.279422599,9.105474606,11.95559684,1.7578125,828
a,-0.9701425,-0.242535625,111.8033989,0.823354609,74.33034374,0.188348382,0.982102279,301.8726596,1.570796327,11.0290442,12.31854207,1.89453125,688
a,-0.8,-0.6,104.8045801,0.839399664,70.34912935,0.099503719,0.99503719,272.0498845,8.639379797,10.34293272,7.152687802,1.457777778,812
a,-0.857492926,-0.514495755,122.2865487,0.889669775,83.02409289,-0.024089393,0.999709808,310.2115262,2.819842099,9.835578533,12.01871454,1.284444444,703
a,-0.832050294,-0.554700196,95.48298278,0.807616729,58,0,1,247.0095843,5.497787144,16.96173494,26.73426234,1.45703125,797
a,-0.447213595,-0.894427191,118.0889495,0.791386116,46.57252409,0.257662651,0.96623494,319.9024969,9.366022138,10.87267529,7.285372264,1.457777778,781
a,-0.894427191,-0.447213595,80.62257748,0.802940223,55.36244214,0.343192953,0.939264924,229.3050877,8.497482743,13.55442207,7.955922515,0.804444444,844
a,0,-1,113.3710721,0.526804608,39.3192065,0.991881665,0.127164316,305.906098,13.57856763,19.1019531,16.07500305,1.73828125,1015
a,-0.514495755,-0.857492926,147.4347313,0.665207333,36.79673899,0.733760674,0.679408031,425.508388,11.62437057,14.75407845,7.549978915,1.871111111,954
a,-0.6401844,-0.76822128,177.5978603,0.821239382,61.74139616,0.421111306,0.907008968,498.5430631,10.21017612,11.46399862,3.803258158,3.30078125,953
b,0,1,105.1094667,1.200890259,94.08506789,0.042514717,0.999095841,229.8958825,-3.141592654,12.64160393,16.06480764,1,937
b,0,1,115,0.927295218,87.09190548,0.045928493,0.99894473,290.9171471,-1.570796327,9.730917509,11.92036367,2.577777778,813
b,0,1,126.2695529,1.057544054,106.7333125,0.224859507,0.974391196,254.55471,-3.141592654,12.18471662,13.97001095,2.20703125,765
b,0,1,98.8382517,1.098099191,87.09190548,-0.045928493,0.99894473,228.4062359,-3.141592654,15.46851247,18.24852135,1.777777778,907
b,0,1,97.09788875,1.005646887,77.1038261,0.0518781,0.998653425,227.1681748,-3.141592654,11.93825297,14.89739708,1.26953125,813
b,0,1,111.8033989,1.107148718,93,0,1,247.9149699,-3.141592654,10.08764024,12.7764952,0.9140625,813
b,0.447213595,0.894427191,113.8507795,0.897427126,72.1734023,0.069277599,0.997597421,290.6488892,-2.35619449,12.89366856,13.78342664,1.622222222,719
b,0,1,120.4159458,1.01043645,84.00595217,0.011903918,0.999929146,307.6868984,-9.424777961,13.17572066,13.76795782,1.604444444,735
b,0,1,99.04544412,0.957588978,65.06919394,0.046104767,0.99893661,297.4737521,-3.141592654,10.83971926,13.30715193,5.44,703
b,0,1,79.17701687,1.084553694,66.12110102,0.06049506,0.998168497,170.6558713,-1.570796327,20.99353059,29.75434306,0.765625,969
b,0,1,110.6797181,0.965251663,85,0,1,262.9544093,0.785398163,13.44212317,22.20277643,1.56640625,781
b,0,1,147.3295625,1.158774537,131.5484702,-0.091221129,0.995830661,307.1786386,-4.957367644,12.52913173,16.51548151,2.56,609
b,0,1,119.40268,1.19340036,105,0,1,247.668401,-3.141592654,13.62029973,16.24754791,6.124444444,704
b,0.164398987,0.986393924,121.2476804,0.955340668,91.00549434,-0.208778603,0.977962931,270.536512,-7.853981634,13.02321506,13.22453533,1.44,656
b,0,1,96.5194281,0.97704666,68.26419266,-0.08789381,0.99612985,226.1142092,-3.141592654,11.56016306,13.22408584,0.9453125,719
b,0,1,71.55417528,1.107148718,57,0,1,139.0129663,-2.35619449,13.84082336,15.91185335,0.67578125,922
b,0.447213595,0.894427191,89.04493248,1.001483136,69.64194139,0.2728241,0.962063933,181.9733362,-1.570796327,11.03027796,13.24886924,1.14453125,750
b,0.554700196,-0.832050294,259.4224354,1.089909047,148.2194319,0.809610443,-0.586967571,621.7949851,12.56637061,19.67249113,17.5440901,4.6328125,1109
b,0.894427191,-0.447213595,207.6174366,1.180451269,89.94442729,0.878320118,-0.478072976,489.5167806,14.13716694,23.50241068,28.97809778,4.0625,1125
b,-0.124034735,0.992277877,196.4204674,1.00680041,166.0271062,0.018069339,0.999836736,437.1452939,6.604935862,7.947820681,2.210637562,3.022222222,781
c,-0.707106781,-0.707106781,89.05054744,0.960990325,58.52349955,0.290481604,0.956880577,140.4121904,5.270988296,8.763765273,6.425464126,1.444444444,406
c,-0.928476691,-0.371390676,67.47592163,0.879853099,47.5394573,-0.252421897,0.967617272,108.4566611,3.463343208,4.237094643,1.584925918,0.640625,312
c,-0.707106781,-0.707106781,65.4599114,0.970082543,49.81967483,-0.18065152,0.983547166,107.2488018,4.71238898,6.283185307,4.7956562,0.39453125,375
c,-0.8,-0.6,114.621115,0.946490068,76.32168761,-0.091717049,0.995785109,192.2438472,3.141592654,9.514187169,7.302593493,1.26953125,437
c,-1,0,94.36630755,0.702879209,64.41273166,-0.465746433,0.884918222,149.6649261,3.141592654,4.758892226,1.45035807,1,437
c,-0.868243142,-0.496138938,97.08243919,0.850997335,63.69458376,-0.376798129,0.926295401,155.4816159,4.193242866,5.061358744,1.840725607,1.035555556,422
c,0,-1,75.00666637,0.823116116,34.43835072,0.435560928,0.900159251,133.0922856,6.283185307,11.0632455,8.997487339,0.59765625,500
c,-0.707106781,-0.707106781,100.6031809,0.919343099,68.15423685,-0.249434236,0.96839174,160.5345824,5.497787144,5.886063629,3.078659562,2.142222222,375
c,-0.857492926,-0.514495755,87.8179936,1.046000555,62.12889827,-0.064382278,0.997925309,142.9702088,5.497787144,7.995878689,5.173953535,0.953125,375
c,-0.554700196,-0.832050294,96.25487001,1.000083067,61.13100686,-0.26173297,0.965140328,153.1588443,4.653633158,5.048424277,1.755342871,1.58203125,328
c,-0.707106781,-0.707106781,84.38009244,1.022246924,63.95310782,-0.172001023,0.985096771,128.7938224,4.390638426,6.321141752,2.778060576,0.6953125,375
c,-0.707106781,-0.707106781,77.80102827,0.922153875,50.48762225,0.138647845,0.990341747,134.3649339,3.141592654,11.11003908,10.83121681,0.87890625,453
c,-0.980580676,-0.196116135,108.0462864,1.036725948,87,0,1,168.3854149,3.141592654,6.528120698,3.257367766,1.31640625,407
c,-0.894427191,-0.447213595,122.6417547,0.953390435,79.42921377,-0.188847394,0.982006447,198.9609697,3.926990817,9.469111228,6.461363027,1.90625,485
c,-0.832050294,-0.554700196,96.8297475,0.902506908,54.14794548,0.073871686,0.997267754,175.3990507,4.390638426,5.034139535,1.512019406,2.5390625,390
c,-0.894427191,-0.447213595,108.1665383,0.982793723,78.64477096,-0.203446457,0.979086073,170.6583663,4.390638426,6.927686082,2.645809966,1.45703125,422
c,-0.948683298,-0.316227766,108.0046295,0.936554213,77.66595136,-0.206010481,0.978549785,169.704303,4.71238898,10.4186699,7.63514755,1.315555556,438
c,-0.242535625,0.9701425,140.4706375,1.081676521,96.17692031,0.155962573,0.987762965,280.2482758,3.605240263,11.79603389,11.19553612,1.568888889,750
c,0,1,117.9915251,1.027469858,70.06425622,-0.042817838,0.999082896,234.4909344,3.141592654,14.2803241,8.633027164,0.80078125,828
c,-0.099503719,0.99503719,91.24143795,1.092443895,55.22680509,0.090535746,0.995893206,182.3130744,3.141592654,12.11629404,11.00268044,0.662222222,781
d,-0.196116135,0.980580676,136.1249426,1.202567641,124.9039631,-0.120092266,0.992762735,236.95637,8.317629243,10.80182907,12.63662807,3.022222222,750
d,0.447213595,0.894427191,132.4009063,1.191692473,98.24968193,0.07124705,0.9974587,247.8811943,8.961130352,12.90386999,13.93422363,1.137777778,782
d,0.316227766,0.948683298,86.53900855,1.179560748,71.11258679,-0.056248833,0.998416781,179.864773,8.639379797,14.05801799,16.65930606,0.66015625,750
d,0,1,87.23531395,1.132784126,70.25667228,-0.085401141,0.996346649,170.5906465,9.424777961,12.17157949,14.27350634,1.137777778,719
d,0,1,108.3005078,1.069975767,85.98837131,-0.151183233,0.988505756,246.3521922,8.317629243,13.87193237,16.07789009,1.7578125,672
d,0,1,95.50916186,1.262290031,85.0529247,-0.035272156,0.999377744,178.6002751,3.141592654,11.14911807,9.106376227,1.890625,687
d,0,1,105.1189802,1.128422104,80.50465825,-0.111794773,0.993731316,210.9826378,3.141592654,13.01644719,11.63560235,1.302222222,672
d,0,1,88.76936408,1.177738308,74.06078585,-0.040507267,0.999179244,177.8562302,9.424777961,12.92607761,15.37884837,1.5625,687
d,0,1,90.24965374,1.196462711,76.02631123,-0.026306682,0.999653919,214.8086203,1.570796327,11.70199678,12.50004531,1.284444444,719
d,0,1,96.7729301,1.167261392,76.02631123,0.026306682,0.999653919,196.2849869,9.424777961,13.09887471,17.62855867,0.47265625,703
d,-0.447213595,0.894427191,96.56603958,1.298186507,85.00588215,-0.011763892,0.999930803,175.381677,10.21017612,12.45273177,16.84093779,1.782222222,860
d,0,1,119.8540779,1.256961174,105.0428484,-0.028559774,0.999592086,233.9417033,3.141592654,9.891525497,11.77392764,1.137777778,750
d,0,1,103.8171469,1.206388738,89.0056178,0.011235246,0.999936883,214.6512968,9.424777961,10.58058183,13.62001823,1.137777778,735
d,0.707106781,0.707106781,85.42247948,1.096677896,45.70557953,0.175033335,0.984562508,197.8057046,7.853981634,13.07879685,15.70674403,0.87890625,735
d,0,1,101.5923225,1.208569449,83.00602388,-0.012047318,0.999927428,199.9342681,9.424777961,12.67736762,14.91761673,1.41015625,750
d,0,1,104.6518036,1.115695518,84.29116205,-0.08304548,0.996545758,211.4086494,9.424777961,10.70363795,12.99132955,1.084444444,969
d,0.141421356,0.989949494,76.89603371,1.212025657,70.25667228,-0.085401141,0.996346649,133.4198752,1.249045772,17.28334992,15.61978489,1.14453125,734
d,-0.242535625,-0.9701425,196.773982,1.107148718,58.24946352,0.978549785,0.206010481,525.6582201,12.30011857,13.75099333,5.356338318,6.195555556,984
d,-0.948683298,-0.316227766,134.7182245,1.067302709,55.90169944,0.733430297,0.679764665,359.3625181,10.27674429,12.90579588,6.499953836,1.953125,813
d,-0.894427191,-0.447213595,139.9785698,1.10395384,48.01041554,0.583206783,0.812323734,377.8211601,11.05433011,18.23090848,12.35585042,1.5625,1094
e,1,0,85.47514259,1.070515899,52.32590181,0.707106781,0.707106781,181.4692918,6.746832916,7.233543492,3.197342941,0.644444444,500
e,1,0,84.81155582,0.910787284,54.40588203,0.808736084,0.588171698,197.1034372,7.068583471,7.68887479,3.130936442,0.822222222,578
e,0.832050294,0.554700196,91.04943712,0.89434012,65.73431372,0.836701517,0.547659175,231.7334188,7.068583471,9.738646918,3.924178699,0.982222222,625
e,1,0,111.5212984,0.880650441,58.25804665,0.772425486,0.6351054,254.4605707,6.871187911,8.199498295,3.113692831,2.777777778,579
e,0.707106781,0.707106781,108.7244223,0.975140811,78.89233169,0.507020127,0.861934215,226.9087801,7.853981634,9.755614091,5.906265888,1.724444444,609
e,1,0,89.40357935,0.936243525,71.44928271,0.685801146,0.727788972,172.7800941,6.283185307,10.46391035,6.406489822,0.751111111,640
e,0.447213595,0.894427191,87.23531395,1.132784126,80.0624756,0.462139095,0.886807452,167.1176412,7.068583471,13.52103963,10.91426469,1.391111111,688
e,0.707106781,-0.707106781,126.2695529,1.057544054,81.34494453,0.68842631,0.725306291,272.4613961,5.176036589,14.70126652,11.73952991,1.47265625,875
e,1,0,63.41135545,0.908370033,34.40930107,0.813733471,0.581238194,158.2715697,6.283185307,10.45552306,7.906765771,0.462222222,735
e,1,0,61.6116872,0.946773274,36.40054945,0.796691271,0.604386481,157.4537296,6.283185307,19.30614713,14.99780527,0.462222222,922
e,1,0,116.5160933,0.882651362,54.64430437,0.567305236,0.823507601,248.1071048,6.283185307,9.746353988,4.787046933,1.217777778,719
e,0,1,122.613213,0.91261438,71.19691005,0.491594368,0.870824309,255.3092213,7.853981634,8.816515496,3.690403884,1.22265625,578
e,0.9701425,0.242535625,93.40770846,0.914447959,67.62396025,0.621081638,0.783745877,206.5813516,6.52816397,7.499334422,2.909720534,0.765625,672
e,1,0,110.4536102,1.017955105,68.26419266,0.849640166,0.527362862,258.1811426,6.283185307,7.242518181,3.062130592,1.071111111,609
e,0.857492926,0.514495755,147.4109901,0.93950628,92.78469701,0.506549049,0.862211147,315.9245695,7.068583471,7.320833279,3.233712594,2.6,593
e,1,0,87.69264507,0.76927053,51.88448708,0.886584846,0.462566007,157.3624485,7.313562134,9.13306845,4.847602724,0.968888889,719
e,1,0,112.8007092,0.923749134,76.66159404,0.860926528,0.508729312,273.6339231,6.688077093,6.936787083,2.624454878,1.848888889,594
e,1,0,114.8085363,0.915100701,77.38862966,0.904525643,0.426419232,259.0740574,7.26597903,8.462888478,5.110402549,1.728888889,687
e,0.894427191,-0.447213595,97.83659847,0.713060833,74.43117626,0.994207048,-0.107481843,216.308081,6.746832916,13.84216907,6.823392395,1,829
e,0.707106781,0.707106781,164.0548689,0.776777687,131.0343466,0.892895664,-0.450263626,392.035966,8.930836592,10.25313478,5.18393832,5.635555556,719
f,0,-1,215.5945268,1.088478688,49.81967483,0.18065152,0.983547166,482.2025735,-1.570796327,12.66275628,4.972041344,2.031111111,1000
f,-0.554700196,-0.832050294,190.5177157,1.114190855,66.06814664,-0.045407661,0.99896854,396.7821114,2.22E-16,12.65551661,7.918961917,3.137777778,687
f,-0.554700196,-0.832050294,140.8012784,0.931556556,31.6227766,0.316227766,0.948683298,299.9396238,-0.785398163,14.97442805,9.683957226,2.08,766
f,-0.447213595,-0.894427191,169.0266251,0.945044833,56.72741841,-0.652241915,0.758010874,328.0410302,-3.141592654,12.29814905,5.824112998,2.777777778,781
f,0,-1,158.8080602,1.028217003,47.67598976,0.167799348,0.98582117,342.7121861,-1.570796327,9.644505991,5.996147956,4.78515625,766
f,0,-1,185.8090418,1.058993205,85.47514259,-0.10529377,0.994441161,364.4034545,-1.570796327,10.91547595,4.166197511,2.8828125,828
f,0.707106781,-0.707106781,164.2010962,1.137112499,65.06919394,-0.046104767,0.99893661,334.8477273,3.89E-16,15.77493275,9.830211958,2.08203125,843
f,-0.707106781,-0.707106781,134.0335779,0.949679538,57.00877125,-0.263117406,0.964763821,255.2052837,-2.35619449,11.37857306,5.648021777,2.671111111,890
f,0,-1,157.8480282,1.180878463,34.92849839,0.229039334,0.973417168,324.6459221,-4.71238898,12.47947955,10.57525758,9.462222222,688
f,-0.894427191,-0.447213595,198.403629,1.316038024,113.0176977,-0.017696343,0.999843407,331.2233828,-0.785398163,12.76128825,8.335951429,10.22265625,625
f,-0.813733471,-0.581238194,174.837067,0.947887273,78.23681998,-0.575176752,0.818029158,315.4066921,-5.662935821,12.54616997,14.62631694,4.9765625,719
f,-1,0,186.0107524,1.276249944,112.3610253,0.080098949,0.996786917,318.0026694,-3.141592654,8.457262904,3.964284885,7.582222222,609
f,-0.447213595,-0.894427191,164.3958637,1.164307098,84.40379138,-0.23695618,0.971520339,279.8224544,-1.570796327,14.43453989,9.138087047,3.75390625,718
f,0,-1,174.9285568,1.183920609,61.20457499,0.081693239,0.996657521,345.0752976,-1.570796327,13.66278157,5.903001534,2.9453125,891
f,-0.707106781,-0.707106781,219.0456573,1.04995146,93.77099765,-0.127971338,0.991777867,446.5070805,-2.35619449,11.4216521,4.678440057,3.078125,860
f,0,-1,54.62600113,1.156289452,17.08800749,-0.351123442,0.936329178,105.4318136,-1.570796327,12.03386652,8.934533903,0.448888889,671
f,0,-1,169.4992625,1.099233316,31.38470965,-0.382351793,0.924016832,349.7072091,-1.107148718,10.88750906,4.228353711,3.24,750
f,0,-1,185.5262785,1.375514929,2.828427125,0.707106781,-0.707106781,402.3859144,7.853981634,15.49169539,11.49853007,3.311111111,984
f,0.948683298,-0.316227766,341.287269,1.270358578,18.78829423,0.904818702,0.425797036,713.9881635,7.068583471,11.34498442,7.402701636,13.33777778,828
f,0.8,-0.6,202,1.371459022,9.486832981,0.316227766,-0.948683298,442.0094374,9.424777961,13.56200294,10.41500043,4.88,968
g,-0.894427191,-0.447213595,170.3936619,1.115022571,89.18520057,0.504568019,0.863371944,409.2823474,-3.141592654,15.50830863,14.71034428,2.640625,1015
g,-0.707106781,-0.707106781,172.4093965,1.221529783,69.42621983,0.201652921,0.979457043,409.9620948,-1.570796327,21.91223552,24.15880863,4.515625,1203
g,-0.514495755,-0.857492926,177.7920133,1.22058371,65,0.246153846,0.969230769,405.1318304,-2.35619449,19.31228818,21.05205456,4.715555556,984
g,-0.196116135,-0.980580676,212.5323505,1.138717174,50.60632372,0.790415052,0.612571665,590.2308148,4.71238898,14.85470828,13.8045366,10.60444444,890
g,0,-1,167.2154299,1.03755619,69.83552105,0.486858256,0.873480989,406.7794142,-1.570796327,18.58365784,16.76968917,2.34765625,1078
g,0.707106781,-0.707106781,128.7050893,1.246588775,68.30812543,0.307430483,0.951570543,278.0271025,0.321750554,21.4041937,19.22494882,6.62890625,922
g,-0.948683298,-0.316227766,143.756739,1.054238645,41.59326869,0.889567018,0.456804685,399.4180969,2.677945045,20.00300436,27.10832237,8.97265625,891
g,-0.6,-0.8,151.6377262,1.127794751,65.30696747,0.428744452,0.90342581,368.4269932,-2.35619449,18.31759226,17.85151053,3.34765625,812
g,-0.832050294,-0.554700196,159.3988708,1.264917455,60.16643583,0.265928998,0.963992618,354.9266213,3.926990817,21.17238429,18.98898726,4.342222222,875
g,0,1,156.1697794,1.19028995,47.88527958,0.480314623,0.877096268,401.8699576,-3.141592654,19.09816942,15.97148155,8.515625,891
g,-0.980580676,-0.196116135,204.8462838,1.174878659,72.20110802,0.512457509,0.858712583,553.5091692,0.141897055,17.25211305,18.90199117,7.9765625,922
g,-0.868243142,-0.496138938,125.399362,1.007125204,32.89376841,-0.334409845,0.942427745,332.808684,-0.785398163,19.27846268,19.78582536,1.568888889,860
g,-0.242535625,-0.9701425,202.3857703,1.249045772,61.03277808,0.31130813,0.950309028,491.7810941,-2.22E-16,18.10521413,22.70029042,5.137777778,1000
g,-0.832050294,-0.554700196,200.9601951,1.209696016,43.0464865,0.511075393,0.859535888,530.3126718,3.926990817,14.62799118,9.093062608,8.45703125,937
g,-1,0,145.2308507,1.174945885,40.22437072,0.571792662,0.820398167,402.964462,-2.677945045,13.51774812,14.30540003,5.555555556,890
g,-0.554700196,-0.832050294,109.1650127,1.135829376,30.08321791,0.365652372,0.930751493,280.6520391,-1.892546881,16.84517187,16.4593213,1,968
g,-0.707106781,0.707106781,158.3729775,0.97403738,62.2655603,0.497867519,0.867253097,373.8899574,-3.141592654,27.84462879,31.37013349,1.4453125,1219
g,0.447213595,-0.894427191,208.85641,0.993417494,25.49509757,0.980580676,0.196116135,603.1250099,-0.055498505,17.11222473,14.77650195,7.395555556,1187
g,-0.707106781,-0.707106781,208.0192299,0.990793553,61.7170965,0.453683041,-0.891163116,576.1600418,2.111215827,30.91957158,29.61885838,2.262222222,1625
g,0,-1,213.0844903,0.955456785,40.44749683,0.988936353,-0.148340453,672.785056,0.785398163,22.97797931,22.73234625,4.65625,1593
h,0,1,145.3994498,1.19028995,139.8463442,0.386138088,0.922440988,301.7649289,-1.39E-17,7.220106126,11.24763392,4.551111111,563
h,0.242535625,0.9701425,114.5425685,1.138388551,113.6353818,0.42240365,0.906407831,201.3539532,0.321750554,8.308810321,9.28162035,2.86328125,531
h,0,1,147.6279106,1.189032089,145.7737974,0.377296887,0.92609236,283.8222307,3.141592654,9.500011273,19.74770015,2.640625,563
h,0,1,121.4619282,1.173471964,116.8674463,0.40216503,0.915567195,247.2778566,5.55E-17,9.634372459,14.56750252,2.564444444,609
h,0,1,94.81033699,1.111865664,93.02150289,0.451508508,0.892266814,213.1107132,4.44E-16,8.076740119,12.45829545,2.08,625
h,0,1,125.574679,1.271711915,125.574679,0.294645388,0.955606664,235.7227903,5.55E-17,6.677976427,12.395663,2.25,578
h,0,1,99.72462083,1.201462669,98.35141077,0.325363914,0.945588876,186.6280196,-6.283185307,7.728457034,7.120021495,2.0703125,656
h,0,1,109.2931837,1.000558352,100.20978,0.588764889,0.808304339,242.5133727,0.785398163,9.860387159,13.36621603,2.888888889,625
h,0,1,161.6168308,1.35883869,157.876534,0.190021907,0.981779851,298.0829056,-4.30E-16,6.788055565,11.48490756,4,594
h,0,1,138.5784976,1.217093181,138.5784976,0.346374083,0.938096474,230.7231125,5.55E-17,9.932166029,13.55259971,1.890625,609
h,0,1,126.1942946,1.231503712,121.1156472,0.313749717,0.949505722,239.4526755,0.463647609,13.42279525,28.82898483,2.06640625,641
h,0,1,77.07788269,1.171015229,77.07788269,0.389216711,0.921146216,132.4067196,-1.67E-16,9.467324733,13.94556982,1.44,703
h,0.707106781,-0.707106781,107.0420478,1.052808961,90.21086409,0.587512386,0.809215173,183.5952031,-2.819842099,11.73372281,16.943903,1.26953125,625
h,0.178885438,0.98386991,153.0751449,1.265573193,152.7776162,0.294545766,0.955637375,276.1288934,-0.244978663,7.338438363,11.30216792,6.777777778,563
h,0,1,131.1030129,1.195955611,129.8075499,0.362074471,0.932149171,232.6774018,0.321750554,8.673152167,13.50592605,1.777777778,625
h,0,1,121.6305883,1.191816666,121.6305883,0.369972724,0.929042617,249.5380653,0,7.385027405,11.23406438,2.777777778,578
h,-0.178885438,0.98386991,112.5388822,1.178739308,93.23089617,0.386138088,0.922440988,208.7390251,0.442374223,7.371328212,11.59987157,2.222222222,468
h,0.933345606,-0.358979079,275.8550344,1.055247319,109.5673309,0.894427191,0.447213595,730.1058251,0.68712421,18.62442502,11.41643645,4.022222222,1266
h,1,0,168.2408987,1.027318732,69.77105417,0.888620657,0.45864292,453.4386973,0.321750554,17.31942826,8.218893331,1.3515625,1141
h,0.9701425,-0.242535625,173.5108066,0.679241362,145.3994498,0.928476691,-0.371390676,478.0917144,1.212025657,24.95292712,17.29625983,2.45703125,1625
i,0,1,75.32595834,1.477732598,75.32595834,-0.092929452,0.995672696,75.86288094,0,1.621205817,0.436705061,1.30078125,203
i,0,1,58.13776741,1.501939837,58.13776741,0.068802092,0.997630328,58.30987887,0,0.738667315,0.15095742,0.66015625,297
i,0,1,63,1.570796327,63,0,1,63,0,0,0,0.5625,297
i,0,1,60.00833275,1.554131203,60.00833275,-0.016664352,0.99986114,60.08276253,0,0.330297355,0.054548171,0.284444444,297
i,0.707106781,0.707106781,56.00892786,1.552941082,56.00892786,0.017854296,0.999840599,57,-1.570796327,1.570796327,2.4674011,1.265625,250
i,0,1,92.19544457,1.505671163,92.19544457,-0.065079137,0.997880106,92.55971911,2.78E-17,0.721132001,0.12750322,1.302222222,219
i,0,1,58.21511831,1.484802036,58.21511831,-0.085888342,0.996304769,59.4279933,0,4.186001071,5.161223532,0.444444444,297
i,0,1,63.03173804,1.539060953,63.03173804,-0.031730047,0.999496475,63.19803903,0,0.39479112,0.077930014,0.89453125,282
i,0,1,102.9611577,1.375305527,102.9611577,-0.19424801,0.980952451,103.4204258,-0.463647609,1.61365413,0.411659366,0.911111111,250
i,0,1,69,1.570796327,69,0,1,69,0,0,0,1.137777778,234
i,0,1,75.16648189,1.504228163,75.16648189,-0.066519011,0.997785158,75.47095216,-2.78E-17,0.437337892,0.070898213,1.137777778,187
i,0,1,63.07138812,1.523213224,63.07138812,-0.047565149,0.998868138,63.21320344,0,0.567588218,0.080539096,0.56640625,188
i,-0.242535625,0.9701425,76.32168761,1.478950201,76.32168761,-0.091717049,0.995785109,77.07297165,0.785398163,2.686491845,1.064852638,0.555555556,297
i,0,1,64.13267498,1.382574821,64.13267498,0.187112108,0.982338566,64.60439169,0,1.771645119,0.473416582,1.177777778,188
i,-0.447213595,0.894427191,70.25667228,1.485291033,70.25667228,-0.085401141,0.996346649,71.24859129,0.785398163,1.180189283,0.411212409,0.6640625,188
i,0,1,60,1.570796327,60,0,1,60,0,0,0,0.765625,282
i,0.196116135,0.980580676,53.00943312,1.551930641,53.00943312,0.018864567,0.999822048,53.16227766,0,0.643501109,0.207046839,0.25,204
i,-0.707106781,-0.707106781,75.74298647,0.832093167,46.66904756,0.707106781,0.707106781,118.4788297,5.497787144,6.79779236,4.543520308,0.68,438
i,-0.554700196,0.832050294,125.8014308,1.1533791,72.69112738,0.137568371,0.990492273,194.5066803,3.816333596,4.988401395,2.655350924,2.08203125,328
i,-0.341743063,0.939793423,134.6291202,1.307801595,134.6291202,-0.259973473,0.965615759,135.8297642,2.78E-17,1.469217216,0.397780637,7.015625,172
j,0,1,110.063618,1.266285444,86.53900855,-0.381330923,0.924438601,144.1826765,-3.141592654,6.972699389,6.613193017,1.59765625,391
j,0,1,75.66372975,1.05984675,67.95586803,-0.544471008,0.838779662,96.95765461,-1.570796327,6.815689405,5.342542325,0.47265625,375
j,0,1,77.88452991,1.297787624,57.00877125,-0.368364368,0.9296815,105.9185372,-1.570796327,7.494274634,6.879399145,0.6640625,625
j,-0.196116135,0.980580676,107.9675877,1.298857905,87.92041856,-0.329843744,0.944035542,139.1328206,-1.107148718,8.772502449,6.521644888,1.578125,469
j,0,1,67.67569726,1.23970025,49.1934955,-0.447213595,0.894427191,97.25882847,-1.570796327,6.926686416,6.854354823,0.288888889,563
j,0.707106781,0.707106781,80.00624976,1.252998321,69.28924881,-0.346374083,0.938096474,106.6896135,-3.926990817,11.78097245,13.61526584,1,563
j,0,1,94.9210198,1.282366768,66.70832032,-0.404747112,0.914428661,132.0552682,-3.141592654,7.220327998,7.214443078,2.848888889,532
j,0,1,82.28000972,1.210603182,65.74191966,-0.44111885,0.897448695,110.3197997,-3.141592654,6.815689405,3.952307883,0.444444444,516
j,0,1,101.5332458,1.27084917,79.84985911,-0.375705109,0.926739268,133.2109015,-1.570796327,7.807478388,6.616237599,0.67578125,625
j,-0.141421356,0.989949494,109.7314905,1.246163936,89.1571646,-0.392565198,0.919724179,141.2109193,-1.570796327,8.204978425,7.514998896,3.28,563
j,-0.141421356,0.989949494,123.9395014,1.317990035,96.13532129,-0.322462125,0.946582367,160.0196158,-1.570796327,6.574522946,4.996220721,1.578125,547
j,0.707106781,0.707106781,89.28605714,1.298650436,65.19202405,-0.352803895,0.935697286,119.4684852,-4.71238898,12.19567471,13.38943239,0.64,562
j,0,1,70.88018059,1.284744885,47.42362281,-0.42173075,0.906721112,103.1524542,-3.141592654,10.99557429,8.38639613,0.47265625,547
j,0.196116135,0.980580676,94.20191081,1.410883204,63.34824386,-0.205214844,0.97871695,134.1473237,-1.570796327,5.999391198,5.455123283,1,469
j,0.371390676,0.928476691,116.8118145,1.203007865,96.38464608,-0.383878569,0.923383585,144.5505276,-1.892546881,8.313445167,5.420625204,1.328125,547
j,0,1,120.0708124,1.309657454,84.86459804,-0.365287773,0.930894647,159.5219338,-3.141592654,5.590364531,4.060977106,2.12890625,500
j,0,1,138.6001443,1.285559217,99.92497185,-0.390292829,0.920690777,186.5032102,-1.570796327,6.817469601,4.848266751,2.817777778,453
j,0,1,428.5440467,0.798598717,169.6643746,0.996084183,0.088409839,827.3807547,-3.283489708,7.50285134,2.18755289,12.1328125,625
j,-0.229039334,0.973417168,302.3011743,0.869704896,111.1575459,0.989586439,0.143939846,599.9721723,-2.850135859,10.5536918,3.238807758,4.951111111,1000
j,0,-1,180.294204,1.079860208,55.73149917,0.986874583,0.161488568,351.2167662,-6.561484966,10.28866181,12.74098775,2.58203125,703
k,0,1,92.70382948,1.160238879,87.84645696,0.387038945,0.922063368,224.7865475,7.068583471,15.23898674,21.02747893,3.102222222,891
k,0,1,117.6180258,1.103346455,100.3045363,0.348937359,0.93714605,314.5163758,-3.141592654,17.61634885,24.9001318,1.89453125,875
k,-0.124034735,0.992277877,105.1189802,1.128422104,100.9009415,0.33696415,0.941517478,233.4015269,-5.819537698,12.63235767,12.03164966,2.69140625,922
k,0,1,98.35141077,1.239399769,92.2279784,0.162640451,0.986685403,224.0438148,0.785398163,23.28165529,43.33113201,1.1953125,1047
k,0.196116135,0.980580676,106.3202709,1.284744885,103.0776406,0.242535625,0.9701425,261.5625963,1.570796327,12.37278643,18.68514562,2.351111111,907
k,-0.141421356,0.989949494,91.38927727,1.165904541,84.40379138,0.23695618,0.971520339,249.667369,7.068583471,23.94508929,46.70852242,1.137777778,859
k,0,1,103.4456379,1.276561762,102.3572176,0.254012376,0.967200968,214.0044457,7.068583471,19.88587077,28.19429158,0.765625,1094
k,0,1,82.87339742,1.226149011,82.21921916,0.316227766,0.948683298,197.6795968,0.785398163,17.25900297,23.04922199,1.4453125,875
k,0,1,108.8117641,1.272297395,101.2027668,0.207504208,0.978234125,249.9019514,6.823604807,19.80267497,38.51222661,1.7265625,875
k,0,1,91.0933587,1.269876092,89.49860334,0.234640533,0.972082209,207.1861832,0,16.13783851,24.7188429,1.111111111,968
k,0,1,96.00520819,1.186421497,96.00520819,0.374979657,0.92703304,204.708314,1.570796327,10.91736755,18.248059,1.12890625,750
k,0,1,98.23441352,1.313472612,97.29337079,0.215842044,0.976428293,194.0147244,0.785398163,15.69464144,25.63187385,1.622222222,922
k,0,1,127.9531164,1.135113454,125.5388386,0.382351793,0.924016832,339.8992713,-4.71238898,14.88447085,12.57553903,9.195555556,875
k,0,1,168.9615341,1.28274088,166.8652151,0.23971443,0.970843444,342.6273551,1.107148718,11.73044533,19.63535505,4.8203125,844
k,0.242535625,0.9701425,98.08669635,1.161888498,94.86832981,0.316227766,0.948683298,245.4788911,6.283185307,13.27878156,19.90690843,1.6015625,672
k,0,1,149.1878011,1.306307944,139.4417441,0.143429072,0.989660599,305.5295213,7.068583471,12.89269912,20.19199333,6.8828125,750
k,0,1,145.523194,1.320817705,134.0820644,0.126788024,0.991929835,309.1244835,1.107148718,14.13370938,18.76038267,6.102222222,765
k,0.707106781,-0.707106781,182.849665,1.011617301,95.70788891,0.898567516,0.438835299,580.3021869,-0.19739556,30.81218763,30.87462161,6.70703125,1844
k,0.948683298,-0.316227766,188.3533913,0.886934576,134.6476884,0.883787916,-0.46788772,586.2525332,-4.71238898,37.4816474,40.56164845,6.724444444,2312
k,0.8,-0.6,195.7804893,0.705856196,162.963186,0.91431693,-0.404999446,508.2890422,0.19739556,30.16787844,28.6733277,3.15625,1969
l,0.8,-0.6,149.4857853,1.194016641,36.40054945,0.961523948,-0.274721128,289.8004005,4.931057926,8.52734826,9.262323109,8.008888889,469
l,0.707106781,-0.707106781,133.8095662,1.275044641,24.04163056,0.95667388,-0.291161616,261.5299359,4.71238898,5.346868788,4.907951298,2.844444444,531
l,0.447213595,-0.894427191,118.5959527,1.262378316,19.23538406,0.46788772,0.883787916,226.6531859,4.71238898,8.805373729,7.844048673,2.08203125,563
l,0.707106781,0.707106781,91.41662868,1.224829054,14.4222051,0.832050294,0.554700196,184.172848,4.71238898,10.29181438,11.6319619,1.1640625,641
l,0.447213595,-0.894427191,138.0036231,1.168758957,36.06937759,0.693108716,0.720833065,253.5629472,3.141592654,7.149755151,4.962223905,2.36328125,609
l,1,0,152.2005256,1.151237775,36.87817783,0.759256602,-0.650791373,289.651514,1.570796327,9.610349311,10.74487045,2.5390625,594
l,0.894427191,-0.447213595,133.1352696,1.241920002,30.41381265,0.723355544,-0.690475747,250.0198063,3.926990817,11.51896472,9.19145646,2.20703125,656
l,0.9701425,-0.242535625,156.3201842,1.285466907,33.61547263,0.386726676,0.922194382,288.6395684,4.71238898,8.679802283,7.632746514,2.635555556,594
l,0.6,-0.8,133.7946187,1.227772386,19.23538406,0.883787916,-0.46788772,262.3593515,2.35619449,9.483919786,10.1293649,3.755555556,531
l,0,-1,130.2497601,1.314644944,14.14213562,-0.141421356,0.989949494,251.8256387,3.141592654,6.059932293,4.266807395,3.417777778,656
l,0.707106781,-0.707106781,149.5760676,1.251159934,26.57066051,0.940887412,-0.338719468,299.3102276,4.71238898,7.944351207,5.796502364,2.20703125,1016
l,0.707106781,-0.707106781,150.4160896,1.196462711,26.92582404,0.928476691,-0.371390676,296.1547118,2.35619449,7.203395068,4.903164304,2.5,672
l,0.707106781,-0.707106781,76.55063684,1.224257462,12.04159458,0.747409319,-0.664363839,157.885339,4.957367644,13.82120915,21.04891258,1.6,641
l,0.447213595,-0.894427191,147.0544117,1.259798046,15.62049935,0.76822128,0.6401844,287.2485798,0,10.47357666,13.7584648,3.765625,562
l,0.624695048,-0.780868809,103.1212878,1.224510819,33.42154993,0.77794118,-0.628337107,184.4160978,3.605240263,9.690183677,9.487401461,2.32,1156
l,0.707106781,-0.707106781,159.6652749,1.095944705,33.12099032,0.875577684,-0.483077343,300.4500132,3.141592654,9.537111809,8.352945257,2.1953125,953
l,1,0,171.7469068,1.269300829,24.69817807,0.850265147,-0.526354615,334.0698005,4.71238898,11.96460891,12.39308215,5.497777778,719
l,1,0,154.9225613,1.058055249,87.8179936,0.865426285,-0.501036271,345.6889624,7.853981634,32.87873431,29.04167894,1.73828125,1891
l,1,0,183.9619526,1.065809752,83.86298349,0.989709602,0.143090545,377.3329747,6.841784623,7.303677897,4.423203494,8.28125,610
l,0.406138466,-0.913811549,195.757503,1.237737692,65.73431372,0.973616311,-0.228191323,396.0238103,5.092895357,10.09206782,6.273009428,6.435555556,546
m,0,1,88.09086218,0.688924388,87.45856162,0.777511072,0.628869249,249.712907,-5.27E-16,19.64510451,30.16795258,1.644444444,937
m,0,1,76.69419796,0.693068829,75.43208866,0.782160498,0.623077007,208.344877,4.16E-16,16.22901074,25.99029967,1.65625,1000
m,0.216930458,0.97618706,91.04943712,0.89434012,78.51751397,0.725952684,0.687744648,272.5542961,-0.244978663,16.1928271,25.9547942,3.09765625,890
m,0.447213595,0.894427191,101.1385189,0.764422219,79.64923101,0.878853432,0.477091863,299.5262033,0.785398163,25.00740825,43.41001872,2.703125,1016
m,0,1,87.04596487,0.744770126,71.55417528,0.894427191,0.447213595,227.8063013,-5.55E-17,15.79055442,18.99156478,0.53515625,906
m,0.124034735,0.992277877,128.724512,0.763423679,105.8158778,0.85998436,0.51032039,365.7174881,-1.570796327,18.24797375,28.35594928,3.075555556,891
m,0,1,111.8302285,0.620249486,102.7277957,0.856632808,0.515926577,276.0393537,0.643501109,20.94666862,39.47160296,0.875555556,906
m,0,1,113.8112472,0.629442281,107.4476617,0.781775971,0.623559405,277.2286119,0.785398163,15.75191716,23.86755701,1.04,765
m,0,1,99.32270637,0.562868233,95.18928511,0.85093611,0.525269204,241.6161509,0.785398163,23.06260773,41.49859624,0.61328125,1125
m,0.447213595,0.894427191,83.21658489,0.57133748,75.76938696,0.923855964,0.382740328,203.5036052,-0.463647609,18.93640293,28.07287644,0.53125,969
m,0,1,81.83520025,0.672832548,78.81624198,0.812015371,0.583636048,194.1852082,0,19.32025993,28.71121703,0.52,1000
m,0.8,0.6,63.81222453,0.561921562,60.53924347,0.858946974,0.512064542,162.6347262,-2.35619449,21.04609044,29.71865609,0.604444444,906
m,0.6,0.8,64.66065264,0.553681322,62.64982043,0.877895573,0.478852131,138.5625738,-0.463647609,18.65044911,29.10789889,0.265625,1234
m,0.707106781,0.707106781,71.86793444,0.55712439,68.8839604,0.885547225,0.464549364,173.5581748,0.463647609,28.85644115,34.786567,0.222222222,1109
m,0,1,46.5188134,0.44441921,44.59820624,0.941741912,0.336336397,113.5333803,0,21.99114858,33.67296717,0.231111111,1359
m,0.196116135,0.980580676,89.30845425,0.594213704,88.20430828,0.838961287,0.544191105,226.5196642,-5.55E-17,17.29790505,25.05143709,0.48828125,1062
m,0.447213595,0.894427191,111.3956911,0.70278408,97.61659695,0.870753567,0.491719661,279.9760544,-0.785398163,14.34410507,23.24475996,1.1328125,812
m,0,-1,229.8630027,0.806933295,177.5443607,0.895550833,-0.444959219,448.7145675,-3.141592654,9.70704431,12.12340452,10.41015625,687
m,0.196116135,-0.980580676,155.5956298,0.593350146,129.6533841,0.994960532,0.10026734,330.5285551,-2.677945045,12.20738627,13.01843254,1.8,1016
m,0.6,0.8,110.7519752,0.695894345,102.9028668,0.82602169,0.56363833,279.5350954,-0.785398163,16.27406109,23.37105082,0.444444444,938
n,0.894427191,0.447213595,52.32590181,0.785398163,52.32590181,0.707106781,0.707106781,125.9423472,-1.570796327,15.81896028,18.23550283,0.1953125,766
n,0,1,66.60330322,0.849141476,53.82378656,0.817482433,0.575953532,148.5587496,0,9.177343482,12.4369412,0.555555556,718
n,-0.164398987,0.986393924,59.54829972,0.856705628,55.6057551,0.611447501,0.791285001,140.364386,1.570796327,22.06706147,23.81896308,0.377777778,578
n,0,1,74.79304781,1.053308586,72.01388755,0.430472525,0.902603681,196.9727653,0.463647609,18.93424321,18.9467284,0.5078125,532
n,-0.129339184,0.991600411,76.92203845,1.112962606,68.42514158,0.453049848,0.891485185,188.9970491,2.782821983,16.19698426,20.22670469,1.42578125,485
n,0.188847394,0.982006447,86.60831369,1.024436302,77.4209274,0.581238194,0.813733471,198.2885537,0.021502062,12.44703633,13.82399639,2.73828125,407
n,0.058722022,0.998274373,79.25906888,1.056345014,79.25906888,0.492057257,0.870562839,211.6005285,0.222081902,11.22090294,13.2498869,1.207075963,453
n,0.124034735,0.992277877,94.3716059,1.121365769,94.3716059,0.434452711,0.900694644,242.2718258,0.079829986,13.30328913,13.85683577,1.015625,438
n,0.146548661,0.989203462,95.29428105,1.078987151,95.29428105,0.472221413,0.88147997,227.6351699,0.408149104,10.90498386,13.01171156,1.953125,406
n,NaN,NaN,72.11102551,0.982793723,57.28001397,0.698323852,0.715781948,165.5682284,0,14.61641487,31.63227177,0.5078125,766
n,0.18208926,0.983282005,79.32212806,0.982793723,72.80109889,0.604386481,0.796691271,195.3510853,0.14955974,9.614218454,12.0458134,2.422222222,390
n,0,1,87.32124598,1.05591155,87.32124598,0.492434568,0.870349468,223.8738431,0.404891786,9.563866157,7.119370466,2.84765625,391
n,0,1,86.40601831,1.153747085,84.30895563,0.379556356,0.925168618,234.7961404,0.165148677,10.07330674,13.10245947,2.351111111,437
n,0.058722022,0.998274373,94.41398202,1.073985525,94.41398202,0.47662432,0.87910708,245.9980808,0.369192674,12.20602062,13.03498773,3.06640625,422
n,0.062378286,0.998052578,105.1189802,1.128422104,105.1189802,0.428086345,0.903737839,275.3839558,0.254436679,10.69199436,12.77273347,4.015625,422
n,0.06049506,0.998168497,112.7696768,1.071449605,107.424392,0.484061385,0.875034042,296.5629398,-5.890845163,11.49856156,8.886728063,4.857777778,484
n,0.136637397,0.990621129,100.1698557,1.013255212,98.47842403,0.538188954,0.842824211,260.0575507,0.113150982,10.02273817,12.26581925,2.3125,391
n,0,-1,80.15609771,0.989714028,45.35416188,0.9701425,-0.242535625,142.9648963,-2.677945045,5.576079547,1.920196456,1,563
n,-0.707106781,-0.707106781,87.7268488,0.753151281,65.1459899,0.951708618,0.30700278,204.1974517,4.71238898,17.76871692,22.40731207,0.625,1203
n,-0.496138938,0.868243142,210.0404723,0.80223159,126.1942946,0.998460353,0.05547002,561.232517,-3.280232391,22.0337128,24.0921826,5.177777778,1250
o,-0.324324324,0.945945946,110.3449138,0.759762755,7.280109889,0.961523948,-0.274721128,239.2138861,5.481286991,5.703287069,1.378265834,6.084444444,250
o,-0.930751493,-0.365652372,127.2870771,0.796508817,51.03920062,-0.999231951,0.039185567,337.2027417,7.460923615,8.402971612,2.382312249,4.022222222,390
o,-0.038433122,0.999261175,119.40268,0.933995285,61.20457499,0.081693239,0.996657521,316.6533552,6.456986426,10.61706842,2.937175114,2.64453125,484
o,-0.917555625,0.397607438,125.6702033,0.960722253,37.48332963,-0.693641687,0.720320213,322.0929851,7.177525428,7.821026536,1.993621862,4.17578125,453
o,-0.45795659,0.888974556,141.2409289,0.951369886,59.03388857,-0.626758645,0.77921345,354.0479505,6.409777434,7.264314472,1.662422488,4.24,422
o,-0.196116135,0.980580676,124.8439025,0.864776478,36.67424164,-0.190869659,0.98161539,310.7671816,6.325055176,8.570506296,2.018507686,3.3828125,453
o,-0.989203462,-0.146548661,155.0806242,0.9595421,40.52159918,-0.962449676,0.271460165,386.7226985,7.382312807,13.12561503,4.364844032,3.311111111,562
o,-0.97926042,-0.202605604,178.3619915,0.884672339,17.08800749,-0.936329178,-0.351123442,414.4485819,6.867501291,8.268043717,1.807775583,3.897777778,562
o,0.419058177,0.907959385,175.931805,0.865869175,29,0,1,416.9451729,5.930194919,7.039558135,1.206083869,4.26953125,500
o,-0.813733471,-0.581238194,175.071414,0.89873156,24.20743687,-0.784882766,0.619644289,414.0284218,7.905218801,12.18046078,4.082023641,1.31640625,563
o,-0.502135517,0.864788947,168.2171216,0.941562977,53.85164807,-0.259973473,0.965615759,422.3276082,6.662649475,8.466700413,1.642076889,3.848888889,531
o,-0.832050294,0.554700196,185.2349859,0.907859221,20.24845673,-0.839570157,0.543251278,425.2852582,6.031837303,6.75214954,1.366185217,3.3125,438
o,-0.419058177,0.907959385,172.800463,0.924980407,44.92215489,-0.289389501,0.957211427,426.3916977,6.519093924,8.257814638,1.76609849,4.555555556,484
o,0.026306682,0.999653919,159.5054858,0.963665622,41.01219331,-0.024382992,0.999702691,389.1153108,6.200044075,8.021627076,1.876837487,4.78515625,453
o,-0.409055904,0.912509325,202.8003945,0.925322834,49.39635614,-0.364399349,0.93124278,495.1016286,6.547594465,6.894678911,1.226023126,4.70703125,469
o,-0.290007395,0.957024404,187.8643127,0.856973797,41.0487515,0.048722554,0.998812351,447.7444837,6.407540302,7.749002777,1.612114826,5.284444444,500
o,-0.290007395,0.957024404,199.2009036,0.924283179,40.52159918,-0.271460165,0.962449676,480.6333791,6.305805883,7.539567232,1.450011088,5.284444444,437
o,0,-1,128.6895489,0.889987498,8.94427191,0.447213595,-0.894427191,293.5663769,10.21017612,14.68024757,14.41174051,1.777777778,828
o,-0.832050294,-0.554700196,125.1758763,0.768450634,50.92150823,0.942627225,-0.333847142,297.4927355,11.07234618,18.22341991,11.38119402,0.70703125,1015
o,0,-1,126.0634761,0.729277381,49.04079934,0.937994499,-0.346650141,339.3349893,11.70420056,13.71233478,6.071293236,1.328125,906
p,-0.106533124,-0.994309154,186.8502074,1.169418229,76.65507159,-0.260909025,-0.965363393,338.547137,-4.748676675,5.895272237,1.396468451,3.524444444,375
p,-0.090535746,-0.995893206,155.0806242,1.289839455,70.06425622,-0.042817838,-0.999082896,268.5572713,-4.538717782,9.236474587,2.874708581,4.2890625,391
p,-0.124034735,-0.992277877,146.5366848,1.208032068,56.29387178,-0.213167075,-0.977015761,264.7875688,-4.72510016,7.471503248,2.01639443,3.34765625,438
p,-0.03331483,-0.999444907,152.7383383,1.251116163,75.23961722,0.079745222,-0.996815279,260.6681967,-4.628012673,7.321278534,2.023290661,2.4453125,375
p,-0.316227766,-0.948683298,163.2727779,1.214176191,70.71067812,-0.141421356,-0.989949494,296.468246,-4.920228025,6.212904718,1.461353922,2.711111111,344
p,-0.029399052,-0.999567754,139.6173342,1.142390531,51.35172831,-0.116841248,-0.993150604,263.3143116,-1.69477721,10.52745289,11.81599706,4.004444444,343
p,-0.136637397,-0.990621129,129.7112177,1.124388389,59.66573556,-0.234640533,-0.972082209,238.999134,-4.836743975,11.22997828,3.804287936,2.6,422
p,-0.224859507,-0.974391196,122.8006515,1.290259535,62.39390996,-0.112190437,-0.993686724,211.4359647,-4.802094669,9.25744138,3.079673847,2.78125,406
p,0.037011661,-0.999314834,142.3516772,1.151145465,63.78871374,-0.235151316,-0.971958774,249.3997104,-4.602369921,6.584368551,2.183888668,3.244444444,343
p,-0.079745222,-0.996815279,160.7295866,1.154467131,64.28063472,-0.093340709,-0.995634226,292.2267587,-4.584379922,5.642343167,1.295414886,2.635555556,328
p,-0.196116135,-0.980580676,172.904598,1.050215493,76.11832894,-0.170786724,-0.98530802,317.7664566,-4.753839878,5.820535269,1.269526688,2.78125,375
p,-0.216930458,-0.97618706,149.6963593,1.208898223,58.07753438,-0.051655085,-0.998664985,272.4712929,-4.746596164,6.339347697,1.549155012,2.98828125,360
p,-0.03331483,-0.999444907,152.7776162,1.271816163,70.00714249,-0.014284257,-0.999897975,267.4718575,-4.75083157,9.830761741,3.250862949,3.51953125,438
p,-0.099503719,-0.99503719,153.212271,1.203622493,73.24616031,-0.081915557,-0.996639274,271.218481,-1.810027927,9.98863244,11.60540368,3.55078125,375
p,-0.110431526,-0.993883735,156.3873396,1.170102669,65.06919394,-0.046104767,-0.99893661,291.9573808,-4.71238898,6.761287557,1.64704583,3.28,375
p,-0.07124705,-0.9974587,171.5633994,1.293297308,76.00657866,-0.013156756,-0.999913446,299.0203071,-1.778292553,13.37045065,12.95411768,2.265625,500
p,-0.136637397,-0.990621129,227.3081609,1.178035661,106.5316854,-0.168963815,-0.985622255,396.9404341,-4.522273239,7.127468833,1.762498705,3.808888889,500
p,0.894427191,-0.447213595,155.241747,1.18789761,55.22680509,0.851036013,-0.525107327,496.881168,0.643501109,32.54617581,33.44422315,3.453125,1703
p,1,0,110.6390528,1.050529137,31.32091953,0.957826285,-0.287347886,312.7432507,-3.141592654,27.26173383,27.84774946,1.9140625,1516
p,0,-1,148.0337799,1.116211914,88.25531145,0.339922884,-0.940453312,237.9896342,-4.71238898,7.626268793,2.884404821,1.937777778,703
q,-0.894427191,-0.447213595,190.682983,1.14937712,111.3642672,0.080815869,0.996729048,471.6603753,4.923955425,15.4978063,18.39418277,3.755555556,625
q,-0.92609236,0.377296887,169.6850023,1.059690975,104,0.384615385,0.923076923,399.6857668,9.991133067,19.73433405,16.88782951,2.69140625,687
q,-0.952028561,-0.30600918,152.0690633,1.092443895,71.25307011,0.084206898,0.996448292,381.2607953,10.74361899,19.39994305,15.49582958,3.37890625,656
q,-0.894427191,0.447213595,140.890028,1.123020401,96.16652224,0.291161616,0.95667388,316.9778451,3.736067659,25.21613375,25.14267178,2.8125,688
q,-0.995893206,-0.090535746,151.211772,1.133769646,98.00510191,0.142849706,0.989744392,355.2735807,4.065630554,24.76978549,20.8231267,1.848888889,859
q,-0.982872187,-0.184288535,164.1279988,1.109873507,88.95504483,0.146141234,0.989263736,432.6724692,4.450269139,23.90389907,21.09753806,1.302222222,781
q,-0.924016832,0.382351793,119.4361754,1.129616846,77.02596965,0.025965269,0.999662846,290.5703085,3.394668306,27.96368342,26.58278139,3.84765625,781
q,0,-1,136.1653407,1.163011588,89.08984229,-0.044898497,0.998991554,291.4642126,11.89162967,23.21989889,24.94294444,1.644444444,1406
q,0,-1,138.9244399,1.042721878,80.65358021,0.334765052,0.942301629,321.551804,13.35176878,22.91662904,23.21410083,1.64453125,1344
q,0.242535625,-0.9701425,156.6684397,1.064317785,67.44627492,0.266879083,0.963730022,392.9955156,12.56637061,17.66857838,19.14252554,2.65625,1297
q,-0.196116135,-0.980580676,115.1216748,1.002068444,57.87054518,0.172799478,0.984957025,266.9860884,5.497787144,21.92664575,19.02403878,1.14453125,1750
q,-0.707106781,-0.707106781,184.7403583,0.966278708,79.32212806,0.554700196,0.832050294,465.9841439,11.78097245,16.48168443,11.44949266,3.222222222,1281
q,0,-1,172.5398505,1.171992745,109.1787525,0.146548661,0.989203462,381.7354894,6.283185307,19.02719492,25.03458804,2.435555556,1156
q,-0.707106781,-0.707106781,138.7155363,1.194305992,100.019998,-0.019996001,0.99980006,301.5929523,4.390638426,19.64201049,29.04727335,4.25390625,1110
q,-0.707106781,-0.707106781,143.1782106,1.075908884,93.30058949,0.332259423,0.943188039,305.5558008,4.71238898,17.25814602,25.69948949,3.0625,1203
q,-0.928476691,-0.371390676,146.4923206,1.009302664,92.4175308,0.227229616,0.97384121,344.480656,4.570491926,13.79981607,18.0118016,2.4765625,1062
q,-0.447213595,-0.894427191,123.0650235,1.143496339,84.01190392,0.154739976,0.987955232,271.9092735,5.497787144,17.16543203,18.734118,1.72265625,1078
q,-0.447213595,-0.894427191,194.4273643,1.196975619,31.40063694,0.796162194,0.605083268,521.7817678,4.970396222,27.74194398,28.52087095,6.4,1313
q,-0.447213595,-0.894427191,168.1546907,1.101829619,44.59820624,0.739940073,0.672672794,461.1462534,3.926990817,20.59860275,25.75335401,2.28515625,1328
q,0,-1,248.0403193,1.009632915,117.4436035,0.621574933,-0.78335471,628.2596077,5.71645609,25.54155723,38.57642686,4.2578125,1828
r,0.141421356,0.989949494,94.33981132,1.012197011,52.49761899,0.952424147,-0.304775727,166.7630643,-4.71238898,5.428776453,8.127487643,1.622222222,531
r,0.447213595,0.894427191,72.06941099,1.063697822,35.05709629,0.998371334,-0.057049791,148.5001869,-5.497787144,9.468163211,9.791560557,0.765625,625
r,0.178885438,0.98386991,100.1698557,1.013255212,53.75872022,0.985886565,0.1674147,193.5994441,-6.448333985,7.873874377,11.17762804,1.444444444,640
r,0.090535746,0.995893206,82.15229759,1.019938792,47.85394446,0.898567516,0.438835299,145.2343576,1.570796327,7.700437851,11.31538479,1,766
r,0.196116135,0.980580676,101.7889974,0.988243261,56.61271942,0.953849251,-0.300285875,179.804892,-0.463647609,8.261772125,12.09677566,1.355555556,578
r,0,1,82.29216245,1.118017855,36.87817783,0.97618706,0.216930458,162.9912116,-4.44E-16,6.780605285,12.90354933,1.604444444,594
r,0.05547002,0.998460353,92.30926281,1.17017194,37.69615365,0.928476691,0.371390676,177.9144892,0.643501109,12.76246117,16.80777015,1.72265625,782
r,0,1,116.7647207,1.080335222,46.87216658,0.981392655,-0.192011606,223.9510984,1.570796327,11.20301956,13.16137135,1.5625,640
r,0.447213595,0.894427191,74.6860094,1.11313667,36.24913792,0.910366477,0.413802944,140.971132,1.570796327,13.14466824,15.81395349,0.87890625,907
r,0,1,76.05918748,1.07774543,37.64306045,0.956351571,-0.292218536,142.855422,2.034443936,6.587088463,11.31677956,0.537777778,735
r,0.287347886,0.957826285,72.9451849,0.990398139,40.01249805,0.999687646,0.024992191,141.600627,1.19028995,6.966616924,11.91072547,1.017777778,688
r,0.316227766,0.948683298,73.8241153,1.076854958,35.22782991,0.993532673,-0.113546591,142.1279813,0.785398163,8.535845439,14.19076461,3.928888889,610
r,0.196116135,0.980580676,82.36504113,1.063697822,41.76122604,0.957826285,-0.287347886,156.6562131,0.321750554,8.767651489,11.7646079,0.555555556,578
r,0.894427191,0.447213595,89.35882721,1.016941934,47.38143096,0.99194978,-0.126631887,167.9928481,-1.570796327,12.15844237,16.34071688,1.644444444,594
r,0.316227766,0.948683298,81.98780397,1.047111666,41.77319715,0.981490592,-0.191510359,159.98002,0.785398163,7.767370033,11.82800917,0.8828125,563
r,0,1,72.9451849,1.070355514,33,1,0,149.6333624,1.570796327,6.810099412,11.34232593,1.3203125,547
r,0.242535625,0.9701425,75.66372975,1.05984675,35.51056181,0.985622255,-0.168963815,142.7763571,-0.321750554,8.067129721,11.93125026,0.78125,484
r,0,1,90.60353194,0.918465425,38.83297568,0.978549785,0.206010481,187.8296085,-4.71238898,13.75152384,10.78265161,1.28125,641
r,0,1,86.45229899,1.050215493,48.37354649,0.868243142,-0.496138938,144.7550049,1.570796327,6.283185307,10.83700724,1.09765625,484
r,-0.316227766,-0.948683298,55.07267925,1.058406866,54.58937626,0.476283149,-0.879291967,61.84018814,-2.35619449,2.577508933,1.510546008,0.66015625,265
s,-0.447213595,-0.894427191,67.41661516,1.007480065,52.40229003,-0.667909742,0.744242284,124.1096071,3.141592654,17.67355071,16.51732627,0.25390625,765
s,-1,0,117.0042734,1.249045772,104.7520883,-0.353214915,0.935542208,172.9754418,-1.570796327,12.74148094,10.78192405,1.1640625,640
s,-0.999405999,0.034462276,106.8316433,0.818498652,98.41239759,-0.741776461,0.670647211,182.4938194,1.951302704,13.07061268,14.02312537,3.2890625,360
s,-0.994309154,0.106533124,94.17536833,0.837981225,94.17536833,-0.668964732,0.743294146,161.0210216,-0.083141232,8.022642514,3.74560704,2.265625,344
s,-0.988371698,0.152057184,96.04165763,1.023234091,95.18928511,-0.525269204,0.85093611,157.1940789,2.819842099,10.68219189,13.00873254,2.28515625,313
s,-0.267643864,-0.96351791,107.6150547,0.910568154,84.02380615,-0.785491672,0.618872227,196.7413928,4.17348693,11.26198154,12.30975487,1.551111111,421
s,-0.707106781,-0.707106781,128.7012043,0.995724037,107.0560601,-0.653863032,0.756612937,256.8629655,3.896432647,11.07402792,12.40296294,3.92,406
s,-0.984427576,0.175790638,127.0944531,1.015533113,115.7626883,-0.518301716,0.855197832,223.1456466,2.725780865,12.36441062,13.60561721,3.16015625,360
s,-0.707106781,-0.707106781,148.6606875,0.832981267,141.4213562,-0.707106781,0.707106781,256.796166,0.868539395,12.67774587,5.415781669,1.00390625,516
s,-0.921635375,-0.388057,125.399362,1.007125204,117.889779,-0.568327471,0.822802458,220.9436747,0.463647609,10.89068566,3.799401173,1.25,438
s,-0.944496797,-0.328520625,132.0984481,1.056345014,125.1958466,-0.519186553,0.854660941,214.3596465,0.798730707,8.158435367,3.087658786,2.31640625,438
s,-0.99503719,-0.099503719,105.5461984,1.098674344,101.5332458,-0.462902566,0.886409169,188.945203,2.795053789,14.66358586,14.54500413,1.578125,422
s,-1,0,140.4599587,1.024271896,132.018938,-0.552950971,0.833213792,236.0894413,2.903271682,11.03358477,11.85169567,2.782222222,422
s,-0.965615759,-0.259973473,154.7675677,0.97383339,149.0301983,-0.583774302,0.811915983,261.1991681,0.675947214,12.27728596,4.06188407,2.83203125,516
s,-0.934487735,-0.355995328,125.6741819,1.117824469,116.7647207,-0.471032686,0.882115757,214.1641894,3.398218045,19.60360129,17.08271101,2.244444444,562
s,-0.90618314,-0.422885465,121.8277472,0.948638446,102.2154587,-0.508729312,0.860926528,236.002552,3.408851752,14.951587,15.08250779,0.911111111,484
s,-1,0,126.7635594,1.050671739,118.5959527,-0.413167557,0.910655023,228.1314865,3.07091412,9.928606234,12.38294095,2.782222222,390
s,0.447213595,-0.894427191,188.3454273,0.966594846,138.2931669,-0.650791373,0.759256602,359.7787006,3.926990817,16.61278018,17.87249418,3.55078125,719
s,-0.894427191,-0.447213595,150.2065245,0.936615854,116.3872845,-0.764688345,0.644400291,252.2666324,2.498091545,14.73320817,13.81444608,2.1953125,797
s,-1,0,116.0387866,0.901438913,116.0387866,-0.620482186,0.784220541,196.8477408,-4.86E-16,6.652975452,2.423161548,0.982222222,468
t,0,1,141.0319113,0.906021832,81.05553652,-0.629198229,0.777244871,265.8186917,4.967571371,8.630679222,3.913184304,5.76,359
t,-0.037011661,0.999314834,140.0035714,1.087981736,84.21995013,-0.498694192,0.866778001,241.2535118,7.775049919,12.02510304,14.96250399,1.89453125,407
t,0,1,95.52486587,1.032172157,46.64761516,-0.514495755,0.857492926,186.9781786,4.71238898,6.96572701,4.531885049,0.58203125,609
t,-0.141421356,0.989949494,123.0650235,1.143496339,76.53757247,-0.483422701,0.875387053,211.5696055,4.71238898,6.197794075,2.444555788,1.1640625,562
t,-0.242535625,0.9701425,106.0660172,1.069192273,61.46543744,-0.374194034,0.927350433,194.8951467,4.71238898,8.356274324,6.132137568,1.42578125,672
t,-0.173785334,0.984783559,156.0640894,1.032574625,68.00735254,-0.588171698,0.808736084,306.315351,4.957367644,7.969038277,6.815555863,2.0703125,578
t,-0.371390676,0.928476691,161.9660458,1.137526111,73.8241153,-0.419916986,0.907562518,305.9543176,-0.785398163,9.099697048,11.62912439,2.45703125,656
t,-0.124034735,0.992277877,161.4496826,1.115458776,63.60031446,-0.597481323,0.801882828,301.9193534,7.688832957,10.53651138,21.12960805,3.28515625,625
t,-0.554700196,0.832050294,160.7046981,1.221493691,77.20103626,-0.284970268,0.958536356,290.5112703,5.497787144,8.138309235,8.604351371,1.72265625,687
t,0,1,144.0590157,1.079205682,79.30952024,-0.390873629,0.920444352,258.450262,4.71238898,11.32921724,8.548569725,1.777777778,828
t,-0.141421356,0.989949494,135.3513945,0.974597185,74.33034374,-0.672672794,0.739940073,253.6111143,5.497787144,10.71048199,13.45088364,3.53125,921
t,0,1,125.399362,1.160668986,54.4242593,-0.349109023,0.937082115,237.3650434,3.926990817,10.5881229,10.61759994,2.67578125,641
t,0,1,139.9428455,1.030376827,55,-0.6,0.8,278.1168458,4.71238898,6.468593471,8.45368362,1.5625,672
t,-0.152057184,0.988371698,136.0147051,1.272297395,68.68041933,-0.276643623,0.960972583,233.4485036,7.587729585,13.22669353,18.80751197,2.65625,750
t,0,1,143.756739,1.054238645,70.71067812,-0.480832611,0.876812409,272.3363595,4.71238898,8.526439643,13.13325238,1.78515625,672
t,-0.274721128,0.961523948,112.3788236,1.059376328,61.7170965,-0.64811863,0.76153939,203.6883446,5.034139535,6.61251052,4.567951506,1.4453125,578
t,-0.164398987,0.986393924,124.3422696,1.020721954,74.88658091,-0.560848145,0.82791869,226.7612455,4.957367644,10.00129583,8.549974295,1.302222222,578
t,-0.514495755,0.857492926,110.4626634,1.111197279,49.92995093,-0.540757591,0.841178475,206.0027033,5.034139535,9.385980624,5.798337343,2.817777778,672
t,NaN,NaN,235.5949915,0.752377138,129.3754227,-0.873427098,0.486954931,467.5054535,1.735945004,13.87725976,17.44001298,4.47265625,860
t,0,1,214.7556751,1.011209845,116.7775663,-0.676499798,0.736442818,401.9671695,4.71238898,8.033144462,6.41861301,3.0625,578
u,0,1,83.52843827,1.0160041,42.04759208,0.998868138,-0.047565149,161.3868506,4.71238898,5.486140416,2.557973616,1.28125,688
u,0,1,67.47592163,0.879853099,43.10452412,0.997575101,-0.069598263,121.4509308,3.141592654,5.319857952,3.409145097,0.640625,594
u,0,1,97.30878686,0.880005399,61,0.983606557,-0.180327869,171.644887,3.926990817,4.175700806,1.393688531,1.2265625,468
u,0.242535625,0.9701425,83.00602388,0.939342828,46.09772229,0.997880106,0.065079137,160.6243202,3.926990817,8.11961438,3.774632828,1.137777778,625
u,0.196116135,0.980580676,99.98499887,1.035522579,50.009999,0.99980006,0.019996001,200.2242108,2.35619449,6.868093997,3.25855155,0.67578125,672
u,0.894427191,0.447213595,114.2015762,0.922041326,68.11754546,0.998274373,-0.058722022,204.9873944,3.141592654,6.541020792,4.454254336,2.648888889,390
u,0,1,111.6467644,1.034985089,60.53924347,0.925019818,-0.379918854,191.0136827,4.71238898,5.967188015,4.003058765,0.862222222,422
u,0,1,58.89821729,0.869536404,38.01315562,0.999653919,0.026306682,108.9674242,3.141592654,5.487088433,2.794341948,0.555555556,578
u,0,1,69.89277502,0.97882549,39.45883931,0.988371698,-0.152057184,128.4293549,3.141592654,4.179884882,1.447377558,0.31640625,469
u,0,1,60,0.927295218,36.87817783,0.97618706,0.216930458,104.2049896,3.141592654,5.904224991,3.250360548,0.164444444,656
u,0.274721128,0.961523948,64.44377394,0.840288026,43.93176527,0.978790625,-0.204863154,105.2578204,3.141592654,7.999639323,4.316121549,0.42578125,563
u,-0.141421356,0.989949494,84.05950273,1.005891925,43.73785546,0.983130049,0.182907916,155.1180354,3.141592654,5.659248792,2.422333097,1.48,531
u,0,1,77.15568676,0.739558738,57.42821606,0.992543455,0.121891302,126.990936,3.141592654,4.330336542,1.570931937,0.44140625,578
u,0.371390676,0.928476691,61.22091146,0.901157381,38.63935817,0.983453189,0.181162429,110.7701591,2.35619449,4.903056853,2.47371066,0.47265625,578
u,0,1,70.72481884,0.805395497,50.69516742,0.966561558,0.256434699,114.5407652,3.141592654,4.235170335,1.306879083,0.52,734
u,0.164398987,0.986393924,84.40379138,0.936773607,51.66236541,0.967822507,0.251633852,143.7848769,3.141592654,4.791769653,1.537381093,0.828125,719
u,0,1,79.24645102,0.749699051,58.00862005,0.999851401,0.017238817,139.5968309,3.141592654,4.74507552,1.543323676,0.555555556,547
u,0,1,75.66372975,0.794743686,53.23532662,-0.995579503,0.093922595,133.2558882,-1.570796327,9.546660135,5.535116395,0.222222222,782
u,0,1,107.4476617,0.897508872,99.82484661,0.671175587,0.741298409,250.7390396,7.853981634,10.12995756,8.897674368,1.177777778,812
u,0,1,46.01086828,0.831519279,31.01612484,-0.999480114,0.032241294,90.13118451,-3.141592654,25.49244823,30.38946696,0.071111111,1360
v,0.242535625,0.9701425,75.16648189,0.993863382,43.32435804,0.946349856,-0.323143853,122.1127202,2.35619449,7.955495164,7.356601487,1.515625,594
v,0.707106781,0.707106781,132.6536845,0.865440689,87.86353055,0.978790625,-0.204863154,206.4515856,3.141592654,10.0546345,12.28681794,4.84765625,547
v,0,1,112.4855546,0.816834345,79.30952024,0.970879659,-0.239567708,168.2668059,1.570796327,7.778965879,7.774062946,3.288888889,469
v,0.447213595,0.894427191,98.41239759,0.835715368,67.46851117,0.978234125,-0.207504208,150.1168174,1.570796327,8.014843097,7.399501366,1.395555556,469
v,0,1,75.45197148,0.96441344,44.38468204,0.968802704,0.24783325,125.1530009,3.141592654,7.116825806,11.25245924,1.017777778,516
v,0,1,85.42833254,0.90153979,55.08175742,0.962206046,0.272322466,137.3309176,2.35619449,13.19053642,13.16846304,0.78125,640
v,0.242535625,0.9701425,108.3005078,0.831117915,73.68174808,0.990747395,-0.135718821,174.2206679,1.570796327,8.023981566,10.37358739,1.15625,500
v,0,1,116.7775663,0.827796981,79.00632886,0.999919894,0.012657214,194.217528,3.141592654,7.734950443,6.202787511,3.791111111,750
v,1,0,92.19544457,0.708626272,70.57619995,0.991835775,0.127521743,135.4388712,-1.570796327,15.39677361,18.85770951,1.23828125,1156
v,0,1,87.80091116,0.922739441,54.12947441,0.979133837,0.203216457,144.213944,1.570796327,6.950346285,9.287014535,1.444444444,735
v,0,1,73.78346698,0.997830184,40.01249805,0.999687646,0.024992191,136.4819925,1.570796327,7.523321105,7.134381044,0.875555556,562
v,0.316227766,0.948683298,90.27181177,0.887405081,58.69412236,0.971136422,-0.238524735,140.8452931,2.35619449,7.107490195,6.230091858,2.404444444,625
v,0.707106781,0.707106781,73.87827827,0.881257311,48.76474136,0.96381112,0.266586055,115.8231308,1.570796327,9.628017203,8.457648235,1.140625,516
v,NaN,NaN,90.68627239,0.722979353,68.00735254,0.999891886,-0.014704292,144.2866939,-4.44E-16,12.69756896,18.20165406,1.390625,625
v,0,1,91.54780172,0.870463703,59.41380311,0.993035236,0.11781774,148.5403623,3.141592654,9.975042901,14.86677243,1.26953125,547
v,0.371390676,0.928476691,88.41379983,0.809393557,61.00819617,0.999865655,0.01639124,142.996992,2.677945045,7.255945385,11.66771316,1.355555556,516
v,0.554700196,0.832050294,108.5771615,0.870161893,71.38627319,0.980580676,-0.196116135,170.641987,0.785398163,6.717712019,5.683810227,7.537777778,531
v,-0.447213595,0.894427191,114.5600279,0.773053112,82.60750571,-0.992645878,0.121054375,177.3889588,5.176036589,9.1877744,14.87015415,0.897777778,688
v,0.242535625,0.9701425,75.16648189,0.993863382,43.32435804,0.946349856,-0.323143853,122.1127202,2.35619449,7.955495164,7.356601487,1.515625,594
v,1,0,110.5350623,0.721383186,84.34453154,0.984059055,-0.177841998,171.4818547,-2.22E-16,19.13824561,23.52953418,0.662222222,1812
w,0,1,111.8033989,0.823354609,69.87131028,0.987529785,-0.157432285,250.9010724,10.99557429,15.29840137,14.82153434,1.137777778,1187
w,0.316227766,0.948683298,113.6001761,0.641740547,88,1,0,233.0672223,3.605240263,15.75250137,16.33511163,1.19140625,906
w,0.242535625,0.9701425,94.9210198,0.72576745,69.0651866,0.999056158,-0.043437224,221.7778617,3.926990817,12.14719409,15.33862778,1.208888889,797
w,0,1,77.62087348,0.666692826,59.66573556,0.972082209,0.234640533,138.9670317,7.068583471,19.27524709,28.96589102,0.5625,813
w,0.316227766,0.948683298,89.19641248,0.832981267,59.43904441,0.975789577,0.218711457,198.682668,3.141592654,14.26621163,17.58164403,1,719
w,0.707106781,-0.707106781,116.691902,0.767218348,87.09190548,0.96449836,-0.264088837,227.723348,2.08E-16,13.03879263,13.9900546,1.40625,750
w,0,1,49.2036584,0.915100701,30.3644529,0.955064137,0.296399215,103.3550123,3.141592654,14.15299775,19.71636301,0.15625,1375
w,0,1,81.32035416,0.794093596,54.45181356,0.991702507,-0.128554029,171.4065325,4.71238898,14.33405926,15.90316622,1.19140625,797
w,0.447213595,0.894427191,58.69412236,0.773350554,39.20459157,0.994781439,-0.102028865,124.1860532,4.71238898,20.65391101,23.19385879,0.4,969
w,0,1,58,0.809783573,35.05709629,0.998371334,0.057049791,135.819978,3.141592654,22.18904738,30.55142577,0.364444444,985
w,0,1,75.2861209,0.691336929,57.42821606,0.992543455,0.121891302,139.515867,4.71238898,15.0228634,18.08766115,0.5703125,953
w,0.351123442,0.936329178,62.24146528,0.808121524,42.01190308,0.999716674,0.023802778,135.5507849,3.54648444,17.40637191,21.44899148,0.217777778,1109
w,0,1,70.00714249,0.79549883,44.10215414,0.997683693,0.068023888,152.7810698,4.71238898,17.94897667,15.71047341,0.462222222,1047
w,0,1,75.66372975,0.776052641,50.009999,0.979804059,0.199960012,149.1495258,3.926990817,15.56606621,14.4115385,0.4,984
w,0.447213595,0.894427191,92.35799911,0.58499961,76.23647421,0.996898149,0.078702485,169.5733952,9.424777961,15.9080103,11.76401848,1.111111111,828
w,-0.196116135,0.980580676,75.80237463,0.93521062,44.72135955,0.894427191,0.447213595,151.929314,4.068887872,14.02616993,16.11902729,0.47265625,953
w,0,1,63.89053138,0.696742282,48.50773134,0.989532981,0.144306893,128.0207687,4.71238898,17.95734482,22.99636031,0.25,906
w,0,1,110.8016245,0.638085999,89.35882721,0.995984423,-0.08952669,269.3054689,2.736700867,35.95630292,45.03588985,0.64,1672
w,0,1,161.245155,0.767856103,107.5174404,0.985886565,-0.1674147,336.9057397,7.473475257,17.42877834,27.26098604,2.671111111,766
w,0,1,103.9471019,0.79220078,73.4982993,0.966008747,0.258509383,246.9150066,7.068583471,13.93289813,23.88388202,1.604444444,875
x,0.447213595,0.894427191,72.86288493,0.756280182,42.04759208,-0.047565149,0.998868138,179.2466755,4.390638426,11.89721287,11.22909244,2.311111111,625
x,0.948683298,0.316227766,92.09777413,0.846859119,50.48762225,-0.138647845,0.990341747,200.7634153,3.926990817,8.308929543,4.494486497,1.075555556,594
x,0.581238194,0.813733471,100.6578363,0.855704628,69.11584478,-0.05787385,0.998323904,260.9357282,5.961434753,10.3158713,7.177541729,2.8203125,719
x,0.316227766,0.948683298,82.73451517,0.793944964,56.30275304,-0.337461296,0.941339404,200.7683437,4.390638426,12.05218938,11.19940491,2.265625,859
x,0.707106781,0.707106781,66.46803743,0.785398163,34.23448554,0.116841248,0.993150604,164.7952028,5.497787144,8.712740584,7.371281332,1.0625,657
x,-0.447213595,-0.894427191,90.78546139,0.863364797,57.38466694,-0.383377672,0.923591664,227.4117829,1.570796327,14.50660918,15.23023303,0.7890625,812
x,0.707106781,0.707106781,76.05918748,0.887842017,58.30951895,0.102899151,0.994691794,209.1498425,4.71238898,18.27957012,18.06865582,1.72265625,844
x,0.316227766,0.948683298,68.62215386,0.816316143,46.09772229,-0.065079137,0.997880106,171.1070996,4.71238898,10.38172371,8.028768583,0.502222222,766
x,0,1,71.06335202,0.885066816,42,0,1,183.7461707,4.71238898,9.976159715,6.260952149,1.088888889,859
x,0.393919299,0.91914503,147.5127113,0.862170055,97.69339793,-0.388972037,0.921249561,326.2380934,4.307497194,8.673969305,10.70675191,7.15625,781
x,0.141421356,0.989949494,94.03190948,0.997541916,39.11521443,-0.076696499,0.997054486,229.5450904,6.283185307,12.79454709,16.9897368,2.32,859
x,0,1,82.13403679,0.837076248,62.16912417,-0.19302186,0.981194456,212.8103606,4.71238898,15.60833181,16.77067344,2.03125,843
x,0.371390676,0.928476691,68.41052551,0.909753158,46.38965402,-0.129339184,0.991600411,168.2628612,4.248741371,21.4630072,24.91071077,1.390625,921
x,0.6,0.8,75.2861209,0.879459398,46.32493929,0.23745309,0.971399006,194.6791717,4.71238898,7.149821847,6.635200596,2.83203125,782
x,0.447213595,0.894427191,66.4003012,0.924283179,44,0,1,176.0343865,5.819537698,13.79794066,14.53314145,0.95703125,922
x,0.707106781,0.707106781,94.57801013,0.988658759,50.08991915,0.059892291,0.998204845,241.5567537,4.71238898,14.15002268,13.53889664,2.462222222,1047
x,0.707106781,0.707106781,61.84658438,0.888479772,38.11823711,0.078702485,0.996898149,154.0440151,3.926990817,12.53374366,12.69096792,0.89453125,1125
x,0.447213595,0.894427191,155.7947368,0.83988962,106.7333125,-0.224859507,0.974391196,351.4956871,5.719869046,7.313634154,2.601169859,3.70703125,578
x,0,1,141.226768,0.700177932,89.31965069,-0.369459573,0.929246805,314.3323016,5.034139535,9.649646173,7.049876403,4.31640625,1141
x,0.554700196,0.832050294,164.924225,0.888479772,110.1680534,-0.145232665,0.98939753,350.006372,5.373432149,8.651590385,9.906474634,10.1953125,563
y,0.707106781,0.707106781,176.1732102,1.229299686,97.0051545,0.608215103,0.793772253,456.7375232,1.570796327,16.15362729,11.73591162,2.777777778,859
y,-0.274721128,0.961523948,141.7921013,1.126073903,88.81441324,0.585490554,0.810679228,367.9362835,-4.390638426,13.74065438,14.04581299,2.91015625,891
y,0,1,186.5529415,1.133521499,110.1135777,0.635707253,0.771930236,417.6882767,-4.71238898,13.93616164,14.6210709,16.28444444,796
y,0.707106781,0.707106781,109.772492,1.16829688,65.94694838,0.652039269,0.758185196,250.3813632,-5.55E-17,16.92708582,14.89061011,2.817777778,797
y,0,1,84.8763807,0.969722572,55.56977596,0.863778901,0.503871026,214.5175851,-4.71238898,15.61474549,18.00478712,0.657777778,781
y,0.196116135,0.980580676,105.1189802,1.085875332,72.24956747,0.664363839,0.747409319,238.3363998,-11.4592219,18.28468189,25.28160017,3.502222222,859
y,-0.196116135,0.980580676,155.0774,1.173525053,99.62429423,0.582187311,0.813054693,320.2177321,-4.71238898,12.54554573,14.34031193,2.08203125,891
y,0,1,97.94386147,1.011114761,72.83543094,0.713938249,0.700208667,224.2337781,-3.729595257,19.51347142,20.28595507,1.44,1047
y,0,1,139.3161871,1.164962034,83.63013811,0.657657649,0.753316943,362.1149306,-4.71238898,12.01588296,14.24570345,2,829
y,0,1,108.078675,1.181699096,71.84705979,0.570656616,0.821188789,267.4093737,-4.71238898,14.1031489,14.97499828,3.488888889,875
y,-0.371390676,0.928476691,108.7060256,1.082462376,65.7951366,0.729537204,0.683941129,280.0241773,-3.926990817,14.55510162,17.28645935,2.008888889,844
y,0.13216372,0.991227901,123.5475617,1.063697822,73.23933369,0.819231921,0.573462344,303.3396776,-4.71238898,12.84835648,13.83003644,1.444444444,860
y,-0.196116135,0.980580676,92.65527508,0.961838707,61.58733636,0.84432942,0.53582444,244.086895,-3.785093762,13.97535874,15.33552444,1.72265625,813
y,0.316227766,0.948683298,134.26094,1.197205469,71.02112362,0.535052081,0.844819076,341.2839091,-5.176036589,13.43334247,14.5874098,1.977777778,781
y,0.707106781,0.707106781,115.4123044,1.083897095,62.12889827,0.836969614,0.547249363,289.2812255,-7.853981634,15.56823546,21.40423057,3.70703125,734
y,0.707106781,0.707106781,142.3376268,1.226827207,87.23531395,0.42414016,0.905596557,287.7437208,-5.695182704,14.89409707,17.02214885,3.8515625,796
y,0,1,105.7024125,1.16217785,58.69412236,0.715574206,0.698536725,285.6434,1.570796327,13.50554016,10.68716925,1.777777778,828
y,0.316227766,0.948683298,171.9447586,0.748378048,103.8460399,0.96296402,0.269629926,430.0708988,2.618314331,14.37329061,7.998909694,1.457777778,1375
y,0,1,165.3239245,0.966016774,94.59386872,0.972578892,-0.232573213,438.3263471,-3.338988213,14.1800426,13.82232052,1.66015625,1188
y,0.196116135,0.980580676,223.0336298,1.002691594,122.8006515,0.863187603,-0.504883315,513.3958788,3.141592654,17.33149729,15.2731151,2.44140625,1281
z,0.894427191,0.447213595,56.22277119,0.898833155,52.15361924,0.536875492,0.843661488,107.9387556,0.463647609,8.068919254,5.944375776,1.177777778,609
z,1,0,59.9082632,0.98742332,55.22680509,0.525107327,0.851036013,120.1004032,-4.44E-16,9.73266729,10.79897429,2.08,610
z,1,0,82.20097323,0.638634967,74.70609078,0.883462102,0.46850263,186.6595921,4.44E-16,6.56079679,11.42502871,2.2578125,609
z,1,0,89.58794562,0.992081382,75.47184906,0.52999894,0.847998304,175.7426741,0,8.157588475,13.71581802,4.004444444,703
z,1,0,69.0651866,0.970746113,62.64982043,0.41500518,0.909819048,131.7226219,-4.44E-16,13.92845162,19.19167033,0.2890625,875
z,1,0,73.60027174,0.930012603,73.00684899,0.588985836,0.808143357,150.4043192,-4.44E-16,8.647934403,10.43611805,0.577777778,891
z,0.948683298,0.316227766,69.11584478,1.022932795,63.07138812,0.428086345,0.903737839,135.2333203,1.570796327,16.30986562,20.49566042,0.91015625,922
z,-1,0,79.20227269,0.919719605,71.11961755,0.464006995,0.885831535,164.1117562,2.35619449,11.76983671,20.6903981,1.22265625,953
z,0.948683298,0.316227766,72.6704892,0.971343842,71.84705979,0.570656616,0.821188789,150.5332865,2.35619449,11.8530747,18.69370575,3.351111111,875
z,1,0,60.95900262,0.855052737,60.20797289,0.664363839,0.747409319,134.4864645,0,8.804106197,9.799444086,0.924444444,922
z,0.707106781,0.707106781,69.77105417,1.094328907,69.77105417,0.45864292,0.888620657,124.7534862,0.785398163,8.968218682,6.785375852,1.51953125,765
z,0.707106781,0.707106781,47.63402146,0.889498102,47.63402146,0.629801958,0.776755749,103.5823626,1.570796327,7.077344198,11.03307935,1.1328125,844
z,0.948683298,0.316227766,64.66065264,0.883978677,64.03124237,0.624695048,0.780868809,139.2840266,4.44E-16,9.579392216,8.84455356,1.1328125,703
z,1,0,78.10249676,0.876058051,76.83749085,0.624695048,0.780868809,162.9507241,0,7.090275101,9.919035601,0.736328125,719
z,0.707106781,0.707106781,77.00649323,0.914308935,72.9451849,0.548356962,0.836244367,146.0848097,1.570796327,13.57569491,18.38437695,1.47265625,688
z,0.832050294,0.554700196,80,0.927295218,77.62087348,0.618390361,0.785871084,149.1851565,-6.283185307,10.64955399,13.13665825,0.6640625,735
z,1,0,78.24321057,0.894059379,78.24321057,0.62625242,0.77962036,160.8226032,0,5.261152883,6.269931602,1.26953125,704
z,1,0,128.0624847,0.674740942,97.94386147,0.898473867,0.439027003,267.3998103,0.218668946,8.06595218,10.29357385,2.1640625,718
z,0.948683298,0.316227766,155.0806242,0.564750981,148.5294584,0.881979921,0.471286981,297.309948,0.43662716,17.19064365,11.58883303,3.524444444,1000
z,1,0,105.4751155,0.832343512,79.9812478,0.737672912,0.675158259,201.0755433,-6.283185307,10.43582148,15.45281703,1.8,735
